request_id,amount_safe_to_pay,affordability_status,recommended_payment_method,payment_plan,earliest_date_for_full_payment,spending_changes_needed,decision_explanation
request_26,15656000,affordable_now,full_payment,2025-08-03:15656000,2025-08-03,none,"Pay IDR 15,656,000 today. Even after paying, the balance stays above the IDR 24,768,300 minimum for the next 90 days (lowest point IDR 54,436,455.67 on 1 November 2025), with the IDR 30,780,000 invoice payment on 15 August 2025."
request_27,6670,affordable_now,full_payment,2026-07-05:6670,2026-07-05,none,"Pay ZAR 6,670 today. Even after paying, the balance stays above the ZAR 20,500 minimum for the next 90 days (lowest point ZAR 20,631.13 on 3 October 2026)."
request_28,290.07,affordable_later,wait,2024-08-15:1302.40,2024-08-15,none,"Pay EUR 1,302.40 in full on 15 August 2024. Only EUR 290.07 is safe today: paying earlier would take the balance below the EUR 1,100 minimum (lowest projected balance EUR 1,390.07 on 11 June 2024); after the EUR 1,452 salary on 15 June 2024 the full payment keeps the minimum protected."
request_29,531.06,not_affordable,not_recommended,none,,none,"Do not proceed with the ZAR 51,524 request. Although ZAR 531.06 is available today, the full amount cannot be completed safely within 90 days: the projected balance bottoms out at ZAR 28,831.06 on 1 February 2026 against the ZAR 28,300 minimum, and no confirmed income is projected in the window."
request_30,559.5,affordable_with_plan,installments,2026-04-06:268.74|2026-05-06:268.74|2026-06-05:268.74,,stop:event_2694|reduce_to:event_2732:28,"Reduce the family dinner to USD 28 and stop the family streaming plan, then use 3 installments of USD 268.74, starting 6 April 2026 (total USD 806.22). Paying USD 775.20 today is not safe (only USD 559.50 is available above the USD 900 minimum); the spread-out installments fit the existing balance and keep at least USD 900 available."
request_31,4026799.97,affordable_later,wait,2024-11-15:18164000,2024-11-15,none,"Pay IDR 18,164,000 in full on 15 November 2024. Only IDR 4,026,799.97 is safe today: paying earlier would take the balance below the IDR 16,588,900 minimum (lowest projected balance IDR 20,615,699.97 on 13 September 2024); after the IDR 19,972,800 salary on 15 September 2024 the full payment keeps the minimum protected."
request_32,10964.06,affordable_later,wait,2025-04-15:40018,2025-04-15,none,"Pay ZAR 40,018 in full on 15 April 2025. Only ZAR 10,964.06 is safe today: paying earlier would take the balance below the ZAR 35,700 minimum (lowest projected balance ZAR 46,664.06 on 14 February 2025); after the ZAR 54,120 salary on 15 February 2025 the full payment keeps the minimum protected."
request_33,30083.85,affordable_later,wait,2026-03-15:118000,2026-03-15,none,"Pay INR 118,000 in full on 15 March 2026. Only INR 30,083.85 is safe today: paying earlier would take the balance below the INR 102,100 minimum (lowest projected balance INR 132,183.85 on 14 January 2026); after the INR 150,000 salary on 15 January 2026 the full payment keeps the minimum protected."
request_34,129400,affordable_now,full_payment,2024-12-04:129400,2024-12-04,none,"Pay INR 129,400 today. Even after paying, the balance stays above the INR 138,500 minimum for the next 90 days (lowest point INR 318,171.34 on 4 March 2025), with the INR 196,000 invoice payment on 15 December 2024."
request_35,32753.56,not_affordable,not_recommended,none,,none,"Do not proceed with the INR 212,000 request. Although INR 32,753.56 is available today, the full amount cannot be completed safely within 90 days: the projected balance bottoms out at INR 139,153.56 on 13 November 2025 against the INR 106,400 minimum, and the INR 162,000 salary on 15 November 2025."
request_36,603.48,affordable_later,wait,2026-09-15:3954,2026-09-15,none,"Pay USD 3,954 in full on 15 September 2026. Only USD 603.48 is safe today: paying earlier would take the balance below the USD 2,400 minimum (lowest projected balance USD 3,003.48 on 9 July 2026); after the USD 2,988 salary on 15 July 2026 the full payment keeps the minimum protected."
request_37,4024102.42,affordable_later,wait,2024-05-15:14649000,2024-05-15,none,"Pay IDR 14,649,000 in full on 15 May 2024. Only IDR 4,024,102.42 is safe today: paying earlier would take the balance below the IDR 17,056,200 minimum (lowest projected balance IDR 21,080,302.42 on 13 April 2024); after the IDR 21,090,000 salary on 15 March 2024 the full payment keeps the minimum protected."
request_38,148.65,affordable_later,wait,2025-10-15:971.30,2025-10-15,none,Pay EUR 971.30 in full on 15 October 2025. Only EUR 148.65 is safe today: paying earlier would take the balance below the EUR 400 minimum (lowest projected balance EUR 548.65 on 13 August 2025); after the EUR 737 salary on 15 August 2025 the full payment keeps the minimum protected.
request_39,51626.96,affordable_later,wait,2026-06-15:208600,2026-06-15,none,"Pay INR 208,600 in full on 15 June 2026. Only INR 51,626.96 is safe today: paying earlier would take the balance below the INR 213,400 minimum (lowest projected balance INR 265,026.96 on 14 April 2026); after the INR 253,989.84 salary on 15 April 2026 the full payment keeps the minimum protected."
request_40,354.68,affordable_later,wait,2024-08-15:1290.30,2024-08-15,none,"Pay EUR 1,290.30 in full on 15 August 2024. Only EUR 354.68 is safe today: paying earlier would take the balance below the EUR 1,500 minimum (lowest projected balance EUR 1,854.68 on 12 June 2024 (including the reserved EUR 43 pending online order charge on 7 June 2024)); after the EUR 1,760 salary on 15 June 2024 the full payment keeps the minimum protected."
request_41,8496977.39,affordable_later,wait,2026-01-15:38760000,2026-01-15,none,"Pay IDR 38,760,000 in full on 15 January 2026. Only IDR 8,496,977.39 is safe today: paying earlier would take the balance below the IDR 25,366,600 minimum (lowest projected balance IDR 33,863,577.39 on 14 November 2025 (including the reserved IDR 2,920,300 pending fuel authorization on 5 November 2025)); after the IDR 42,559,991.04 salary on 15 November 2025 the full payment keeps the minimum protected."
request_42,29900.73,affordable_later,wait,2026-03-15:52100,2026-03-15,none,"Pay INR 52,100 in full on 15 March 2026. Only INR 29,900.73 is safe today: paying earlier would take the balance below the INR 113,100 minimum (lowest projected balance INR 143,000.73 on 13 March 2026 (including the reserved INR 8,100 pending merchant debit on 8 January 2026)); after the INR 91,760 salary on 15 January 2026 the full payment keeps the minimum protected."
request_43,6608347.37,affordable_later,wait,2024-11-15:43339000,2024-11-15,none,"Pay IDR 43,339,000 in full on 15 November 2024. Only IDR 6,608,347.37 is safe today: paying earlier would take the balance below the IDR 21,398,000 minimum (lowest projected balance IDR 28,006,347.37 on 13 September 2024 (including the reserved IDR 1,254,000 pending pharmacy card charge on 11 September 2024)); after the IDR 32,870,000 salary on 15 September 2024 the full payment keeps the minimum protected."
request_44,22507.24,affordable_later,wait,2025-04-15:95800,2025-04-15,none,"Pay INR 95,800 in full on 15 April 2025. Only INR 22,507.24 is safe today: paying earlier would take the balance below the INR 82,900 minimum (lowest projected balance INR 105,407.24 on 14 February 2025 (including the reserved INR 4,830 scheduled utility debit on 11 February 2025)); after the INR 115,000 salary on 15 February 2025 the full payment keeps the minimum protected."
request_45,3402834.35,affordable_later,wait,2026-09-15:21983000,2026-09-15,none,"Pay IDR 21,983,000 in full on 15 September 2026. Only IDR 3,402,834.35 is safe today: paying earlier would take the balance below the IDR 11,149,800 minimum (lowest projected balance IDR 14,552,634.35 on 11 July 2026); after the IDR 17,290,000 salary on 15 July 2026 the full payment keeps the minimum protected."
request_46,31837.39,affordable_with_plan,partial_payment,2024-12-03:31837.39|2024-12-15:17612.61,2024-12-15,none,"Pay INR 31,837.39 today and the remaining INR 17,612.61 on 15 December 2024. INR 31,837.39 is the most the balance can absorb before the INR 145,000 salary on 15 December 2024; the second payment completes the request by the 9 January 2025 deadline and keeps the INR 84,000 minimum protected."
request_47,2243232.56,not_affordable,not_recommended,none,,none,"Do not proceed with the IDR 38,114,000 request. Although IDR 2,243,232.56 is available today, the full amount cannot be completed safely within 90 days: the projected balance bottoms out at IDR 32,292,232.56 on 3 August 2025 against the IDR 30,049,000 minimum, and no confirmed income is projected in the window."
request_48,45700,affordable_now,full_payment,2026-07-25:45700,2026-07-25,none,"Pay INR 45,700 today. Even after paying, the balance stays above the INR 71,300 minimum for the next 90 days (lowest point INR 77,315.44 on 13 August 2026), with the INR 81,996.72 salary on 15 August 2026."
request_49,11133148.53,affordable_with_plan,installments,2024-03-18:11902106.67|2024-04-18:11902106.67|2024-05-19:11902106.67,2024-05-15,reduce_to:event_4569:368600,"Reduce the community fitness plan to IDR 368,600, then use 3 installments of IDR 11,902,106.67, starting 18 March 2024 (total IDR 35,706,320.01). Paying IDR 34,333,000 today is not safe (only IDR 11,133,148.53 is available above the IDR 20,275,700 minimum); the installments are covered by the IDR 31,464,000 salary on 15 March 2024 and keep at least IDR 20,275,700 available."
request_50,42580.93,affordable_with_plan,full_payment,2025-08-06:43900,2025-10-15,stop:event_4679,"Stop the cloud storage plan, then pay INR 43,900 today. Without these changes only INR 42,580.93 is safe today and the full amount is not safe until 15 October 2025, past the 21 August 2025 deadline; with them the balance stays above the INR 99,700 minimum, helped by the INR 78,120 salary on 15 August 2025."
request_51,2191000,affordable_now,full_payment,2026-01-03:2191000,2026-01-03,none,"Pay IDR 2,191,000 today. Even after paying, the balance stays above the IDR 7,811,000 minimum for the next 90 days (lowest point IDR 7,931,502.62 on 3 April 2026)."
request_52,15173.09,affordable_later,wait,2024-06-15:28870,2024-06-15,none,"Wait until 15 June 2024, then pay INR 28,870 in full. Only INR 15,173.09 is safe today: paying earlier would take the balance below the INR 41,500 minimum (lowest projected balance INR 56,673.09 on 10 June 2024); after the INR 69,000 salary on 15 June 2024 the full payment keeps the minimum protected."
request_53,458.06,affordable_with_plan,installments,2025-11-21:589.06|2025-12-19:589.06|2026-01-16:589.06,2026-01-15,reduce_to:event_4992:44.50,"Reduce the bakery and snacks to USD 44.50, then use 3 installments of USD 589.06, starting 21 November 2025 (total USD 1,767.18). Paying USD 1,699.20 today is not safe (only USD 458.06 is available above the USD 2,100 minimum); the installments are covered by the USD 2,880 salary on 15 November 2025 and keep at least USD 2,100 available."
request_54,2134.18,not_affordable,not_recommended,none,,none,"Do not proceed with the ZAR 121,528 request. Although ZAR 2,134.18 is available today, the full amount cannot be completed safely within 90 days: the projected balance bottoms out at ZAR 39,134.18 on 11 July 2026 against the ZAR 37,000 minimum, and the ZAR 42,460 salary on 15 July 2026."
request_55,128288.91,affordable_with_plan,installments,2026-06-11:75781.33|2026-07-12:75781.33|2026-08-12:75781.33,2026-07-15,none,"Use 3 installments of INR 75,781.33, starting 11 June 2026 (total INR 227,343.99). Paying INR 218,600 today is not safe (only INR 128,288.91 is available above the INR 124,300 minimum); the installments are covered by the INR 216,000 salary on 15 June 2026 and keep at least INR 124,300 available."
request_56,527.66,affordable_with_plan,partial_payment,2025-02-03:527.66|2025-02-15:353.90,2025-02-15,none,"Pay USD 527.66 today and the remaining USD 353.90 on 15 February 2025. USD 527.66 is the most the balance can absorb before the USD 2,388 salary on 15 February 2025; the second payment completes the request by the 13 March 2025 deadline and keeps the USD 2,100 minimum protected."
request_57,10019.4,affordable_later,wait,2026-06-15:61446,2026-06-15,none,"Pay ZAR 61,446 in full on 15 June 2026. Only ZAR 10,019.40 is safe today: paying earlier would take the balance below the ZAR 42,700 minimum (lowest projected balance ZAR 52,719.40 on 12 April 2026); after the ZAR 50,160 salary on 15 April 2026 the full payment keeps the minimum protected."
request_58,14769167.99,affordable_with_plan,full_payment,2024-12-07:16226000,2025-02-15,stop:event_5357|reduce_to:event_5358:350550,"Stop the food delivery membership and reduce the community fitness plan to IDR 350,550, then pay IDR 16,226,000 today. Without these changes only IDR 14,769,167.99 is safe today and the full amount is not safe until 15 February 2025, past the 25 January 2025 deadline; with them the balance stays above the IDR 14,433,900 minimum, helped by the IDR 16,020,800 salary on 15 December 2024."
request_59,131129.58,affordable_with_plan,installments,2025-05-07:48741.33|2025-06-04:48741.33|2025-07-02:48741.33,,stop:event_5471|stop:event_5473,"Stop the fitness club membership and stop the music subscription, then use 3 installments of INR 48,741.33, starting 7 May 2025 (total INR 146,223.99). Paying INR 140,600 today is not safe (only INR 131,129.58 is available above the INR 132,600 minimum); the spread-out installments fit the existing balance and keep at least INR 132,600 available."
request_60,118.24,affordable_later,wait,2026-02-15:199.89,2026-02-15,none,"Wait until 15 February 2026, then pay USD 199.89 in full. Only USD 118.24 is safe today: paying earlier would take the balance below the USD 400 minimum (lowest projected balance USD 518.24 on 14 January 2026 (including the reserved USD 35 pending online order charge on 7 January 2026)); after the USD 530.40 salary on 15 January 2026 the full payment keeps the minimum protected."
request_61,29051.79,affordable_with_plan,installments,2024-03-17:10074.83|2024-04-17:10074.83|2024-05-18:10074.83,,reduce_to:event_5715:784.30,"Reduce the family dinner to ZAR 784.30, then use 3 installments of ZAR 10,074.83, starting 17 March 2024 (total ZAR 30,224.49). Paying ZAR 29,062 today is not safe (only ZAR 29,051.79 is available above the ZAR 36,700 minimum); the spread-out installments fit the existing balance and keep at least ZAR 36,700 available."
request_62,404.23,affordable_now,full_payment,2025-08-05:404.23,2025-08-05,none,"Pay USD 404.23 today. Even after paying, the balance stays above the USD 1,300 minimum for the next 90 days (lowest point USD 3,452.01 on 3 November 2025 (including the reserved USD 145 pending merchant debit on 8 August 2025)), with the USD 2,112 invoice payment on 15 August 2025."
request_63,41808.05,not_affordable,not_recommended,none,,none,"Do not proceed with the INR 343,900 request. Although INR 41,808.05 is available today, the full amount cannot be completed safely within 90 days: the projected balance bottoms out at INR 195,308.05 on 14 July 2026 (including the reserved INR 8,150 pending pharmacy card charge on 11 July 2026) against the INR 153,500 minimum, and the INR 189,992.40 salary on 15 July 2026."
request_64,0,not_affordable,not_recommended,none,,none,"Do not make this payment by 16 August 2024. The projected balance already falls to INR -868.42 on 13 June 2024 (including the reserved INR 79,679.26 large grocery tax invoice on 10 June 2024), below the INR 36,100 minimum, so no payment option is safe."
request_65,5020.44,not_affordable,not_recommended,none,,none,"Do not proceed with the ZAR 54,340 request. Although ZAR 5,020.44 is available today, the full amount cannot be completed safely within 90 days: the projected balance bottoms out at ZAR 20,520.44 on 14 November 2025 against the ZAR 15,500 minimum, and the ZAR 22,220 salary on 15 November 2025."
request_66,22200,affordable_now,full_payment,2026-04-03:22200,2026-04-03,none,"Pay INR 22,200 today. Even after paying, the balance stays above the INR 80,700 minimum for the next 90 days (lowest point INR 199,133.94 on 2 July 2026), with the INR 116,000 invoice payment on 15 April 2026."
request_67,415.21,affordable_later,wait,2024-11-15:2094,2024-11-15,none,"Pay USD 2,094 in full on 15 November 2024. Only USD 415.21 is safe today: paying earlier would take the balance below the USD 1,200 minimum (lowest projected balance USD 1,615.21 on 13 September 2024); after the USD 2,047.68 salary on 15 September 2024 the full payment keeps the minimum protected."
request_68,1335.35,affordable_with_plan,installments,2025-02-14:725.09|2025-03-14:725.09|2025-04-11:725.09,2025-03-23,reduce_to:event_6331:24.80,"Reduce the household shopping to USD 24.80, then use 3 installments of USD 725.09, starting 14 February 2025 (total USD 2,175.27). Paying USD 2,091.60 today is not safe (only USD 1,335.35 is available above the USD 1,500 minimum); the installments are covered by the USD 2,496 salary on 23 February 2025 and keep at least USD 1,500 available."
request_69,509.16,affordable_with_plan,full_payment,2026-01-04:529.10,2026-01-15,stop:event_6405,"Stop the family streaming plan, then pay EUR 529.10 today. Without these changes only EUR 509.16 is safe today and the full amount is not safe until 15 January 2026, past the 14 January 2026 deadline; with them the balance stays above the EUR 700 minimum, helped by the EUR 1,177 salary on 15 January 2026."
request_70,40236.95,affordable_later,wait,2025-02-15:243900,2025-02-15,none,"Pay INR 243,900 in full on 15 February 2025. Only INR 40,236.95 is safe today: paying earlier would take the balance below the INR 115,000 minimum (lowest projected balance INR 155,236.95 on 12 December 2024); after the INR 203,000 salary on 15 December 2024 the full payment keeps the minimum protected."
request_71,541245.45,not_affordable,not_recommended,none,,none,"Do not proceed with the IDR 21,451,000 request. Although IDR 541,245.45 is available today, the full amount cannot be completed safely within 90 days: the projected balance bottoms out at IDR 9,426,045.45 on 14 May 2025 against the IDR 8,884,800 minimum, and the IDR 11,019,997.68 salary on 15 May 2025."
request_72,10930.21,affordable_with_plan,full_payment,2026-07-05:11330,2026-07-15,reduce_to:event_6749:410.30,"Reduce the takeaway order to ZAR 410.30, then pay ZAR 11,330 today. Without these changes only ZAR 10,930.21 is safe today and the full amount is not safe until 15 July 2026, past the 14 July 2026 deadline; with them the balance stays above the ZAR 12,200 minimum, helped by the ZAR 18,700 salary on 15 July 2026."
request_73,65695.59,affordable_later,wait,2023-02-15:71400,2023-02-15,none,"Wait until 15 February 2023, then pay INR 71,400 in full. Only INR 65,695.59 is safe today: paying earlier would take the balance below the INR 103,200 minimum (lowest projected balance INR 168,895.59 on 14 February 2023 (including the reserved INR 3,650 hospital bill payable on 23 January 2023)); after the INR 132,000 salary on 15 February 2023 the full payment keeps the minimum protected. This is after the 13 February 2023 deadline, but no earlier plan is safe."
request_74,5010,affordable_now,full_payment,2025-08-04:5010,2025-08-04,none,"Pay ZAR 5,010 today. Even after paying, the balance stays above the ZAR 21,900 minimum for the next 90 days (lowest point ZAR 48,711.70 on 2 November 2025), with the ZAR 26,180 invoice payment on 15 August 2025."
request_75,25906.34,affordable_with_plan,installments,2026-04-09:9800.27|2026-05-09:9800.27|2026-06-08:9800.27,,stop:event_6960|reduce_to:event_6961:419.76,"Reduce the online retail purchases to ZAR 419.76 and stop the family streaming plan, then use 3 installments of ZAR 9,800.27, starting 9 April 2026 (total ZAR 29,400.81). Paying ZAR 28,270 today is not safe (only ZAR 25,906.34 is available above the ZAR 39,000 minimum); the spread-out installments fit the existing balance and keep at least ZAR 39,000 available."
request_76,154.8,not_affordable,not_recommended,none,,none,"Do not proceed with the USD 4,455.60 request. Although USD 154.80 is available today, the full amount cannot be completed safely within 90 days: the projected balance bottoms out at USD 1,954.80 on 14 August 2024 against the USD 1,800 minimum, and the USD 1,843.20 salary on 15 June 2024."
request_77,60700,affordable_now,full_payment,2025-11-05:60700,2025-11-05,none,"Pay INR 60,700 today. Even after paying, the balance stays above the INR 82,200 minimum for the next 90 days (lowest point INR 87,161.10 on 13 November 2025), with the INR 111,000 salary on 15 November 2025."
request_78,47631.11,affordable_with_plan,full_payment,2025-10-02:50200,2025-10-15,reduce_to:event_7224:805|reduce_to:event_7225:1480,"Reduce the monthly shopping spend to INR 1,480 and reduce the video streaming plan to INR 805, then pay INR 50,200 today. Without these changes only INR 47,631.11 is safe today and the full amount is not safe until 15 October 2025, past the 14 October 2025 deadline; with them the balance stays above the INR 55,200 minimum, helped by the INR 89,000 salary on 15 October 2025."
request_79,286.73,not_affordable,not_recommended,none,,none,"Do not proceed with the EUR 2,151.60 request. Although EUR 286.73 is available today, the full amount cannot be completed safely within 90 days: the projected balance bottoms out at EUR 1,286.73 on 14 September 2024 against the EUR 1,000 minimum, and the EUR 1,313.76 salary on 15 September 2024."
request_80,13291.86,not_affordable,not_recommended,none,,none,"Do not proceed with the INR 217,500 request. Although INR 13,291.86 is available today, the full amount cannot be completed safely within 90 days: the projected balance bottoms out at INR 134,591.86 on 13 April 2025 (including the reserved INR 6,710 pending online order charge on 7 February 2025) against the INR 121,300 minimum, and the INR 94,800 salary on 15 February 2025."
request_81,2040.79,affordable_with_plan,full_payment,2026-07-03:2076,2026-07-15,reduce_to:event_7636:37.50,"Reduce the weekend food delivery to USD 37.50, then pay USD 2,076 today. Without these changes only USD 2,040.79 is safe today and the full amount is not safe until 15 July 2026, past the 14 July 2026 deadline; with them the balance stays above the USD 1,600 minimum, helped by the USD 2,808 salary on 15 July 2026."
request_82,354.89,affordable_later,wait,2025-02-15:1405.20,2025-02-15,none,"Pay USD 1,405.20 in full on 15 February 2025. Only USD 354.89 is safe today: paying earlier would take the balance below the USD 1,100 minimum (lowest projected balance USD 1,454.89 on 13 December 2024 (including the reserved USD 91 pending merchant debit on 8 December 2024)); after the USD 1,752 salary on 15 December 2024 the full payment keeps the minimum protected."
request_83,2919.6,not_affordable,not_recommended,none,,none,"Do not proceed with the INR 156,200 request. Although INR 2,919.60 is available today, the full amount cannot be completed safely within 90 days: the projected balance bottoms out at INR 40,719.60 on 14 May 2025 (including the reserved INR 2,800 pending pharmacy card charge on 11 May 2025) against the INR 37,800 minimum, and the INR 62,000 salary on 15 May 2025."
request_84,21566.96,affordable_later,wait,2026-06-15:95400,2026-06-15,none,"Pay INR 95,400 in full on 15 June 2026. Only INR 21,566.96 is safe today: paying earlier would take the balance below the INR 91,300 minimum (lowest projected balance INR 112,866.96 on 13 April 2026 (including the reserved INR 6,080 scheduled insurance payment on 11 April 2026)); after the INR 107,995.68 salary on 15 April 2026 the full payment keeps the minimum protected."
request_85,403679.66,not_affordable,not_recommended,none,,none,"Do not proceed with the IDR 19,304,000 request. Although IDR 403,679.66 is available today, the full amount cannot be completed safely within 90 days: the projected balance bottoms out at IDR 6,799,979.66 on 14 March 2024 against the IDR 6,396,300 minimum, and the IDR 8,618,400 salary on 15 March 2024."
request_86,41460.08,affordable_later,wait,2025-08-23:46300,2025-08-23,none,"Wait until 23 August 2025, then pay INR 46,300 in full. Only INR 41,460.08 is safe today: paying earlier would take the balance below the INR 84,900 minimum (lowest projected balance INR 126,360.08 on 22 August 2025); after the INR 124,000 salary on 23 August 2025 the full payment keeps the minimum protected. This is after the 22 August 2025 deadline, but no earlier plan is safe."
request_87,13270.75,not_affordable,not_recommended,none,,none,"Do not proceed with the INR 487,900 request. Although INR 13,270.75 is available today, the full amount cannot be completed safely within 90 days: the projected balance bottoms out at INR 199,170.75 on 14 January 2026 against the INR 185,900 minimum, and the INR 251,000 salary on 15 January 2026."
request_88,8434.61,affordable_with_plan,installments,2024-06-14:9045.23|2024-07-15:9045.23|2024-08-15:9045.23,2024-07-15,reduce_to:event_8301:655.60,"Reduce the lunch with colleagues to ZAR 655.60, then use 3 installments of ZAR 9,045.23, starting 14 June 2024 (total ZAR 27,135.69). Paying ZAR 26,092 today is not safe (only ZAR 8,434.61 is available above the ZAR 25,800 minimum); the installments are covered by the ZAR 34,760 salary on 15 June 2024 and keep at least ZAR 25,800 available."
request_89,8791797.24,affordable_with_plan,installments,2025-11-18:4768746.67|2025-12-16:4768746.67|2026-01-13:4768746.67,2026-01-15,reduce_to:event_8337:266760,"Reduce the monthly shopping spend to IDR 266,760, then use 3 installments of IDR 4,768,746.67, starting 18 November 2025 (total IDR 14,306,240.01). Paying IDR 13,756,000 today is not safe (only IDR 8,791,797.24 is available above the IDR 12,534,700 minimum); the installments are covered by the IDR 15,200,000 salary on 15 November 2025 and keep at least IDR 12,534,700 available."
request_90,2560,affordable_now,full_payment,2026-07-06:2560,2026-07-06,none,"Pay ZAR 2,560 today. Even after paying, the balance stays above the ZAR 7,600 minimum for the next 90 days (lowest point ZAR 21,213.21 on 4 October 2026), with the ZAR 13,420 invoice payment on 15 July 2026."
request_91,486.61,affordable_later,wait,2024-11-15:1927.20,2024-11-15,none,"Pay EUR 1,927.20 in full on 15 November 2024. Only EUR 486.61 is safe today: paying earlier would take the balance below the EUR 2,100 minimum (lowest projected balance EUR 2,586.61 on 14 September 2024 (including the reserved EUR 166 scheduled bill payment retry on 7 September 2024)); after the EUR 2,387 salary on 15 September 2024 the full payment keeps the minimum protected."
request_92,33763.99,affordable_with_plan,full_payment,2025-02-05:34034,2025-02-15,reduce_to:event_8620:558.80,"Reduce the local event tickets to ZAR 558.80, then pay ZAR 34,034 today. Without these changes only ZAR 33,763.99 is safe today and the full amount is not safe until 15 February 2025, past the 14 February 2025 deadline; with them the balance stays above the ZAR 28,100 minimum, helped by the ZAR 29,568 salary on 15 February 2025."
request_93,1673.22,affordable_with_plan,full_payment,2026-04-07:1729.20,2026-04-15,stop:event_8691,"Stop the video streaming plan, then pay USD 1,729.20 today. Without these changes only USD 1,673.22 is safe today and the full amount is not safe until 15 April 2026, past the 14 April 2026 deadline; with them the balance stays above the USD 1,900 minimum, helped by the USD 2,412 salary on 15 April 2026."
request_94,572,affordable_now,full_payment,2024-12-04:572,2024-12-04,none,"Pay EUR 572 today. Even after paying, the balance stays above the EUR 600 minimum for the next 90 days (lowest point EUR 1,353.80 on 4 March 2025), with the EUR 924 invoice payment on 15 December 2024."
request_95,13382.26,not_affordable,not_recommended,none,,none,"Do not proceed with the INR 553,000 request. Although INR 13,382.26 is available today, the full amount cannot be completed safely within 90 days: the projected balance bottoms out at INR 158,882.26 on 18 May 2025 against the INR 145,500 minimum, and the INR 251,000 salary on 23 May 2025."
request_96,71095.33,affordable_with_plan,installments,2026-01-10:31269.33|2026-02-09:31269.33|2026-03-11:31269.33,2026-02-15,stop:event_8914,"Stop the food delivery membership, then use 3 installments of INR 31,269.33, starting 10 January 2026 (total INR 93,807.99). Paying INR 90,200 today is not safe (only INR 71,095.33 is available above the INR 56,500 minimum); the installments are covered by the INR 80,000 salary on 15 January 2026 and keep at least INR 56,500 available."
request_97,0,affordable_with_plan,installments,2024-03-19:8145.28|2024-04-19:8145.28|2024-05-20:8145.28,,reduce_to:event_9038:577.50,"Reduce the neighbourhood restaurant to ZAR 577.50, then use 3 installments of ZAR 8,145.28, starting 19 March 2024 (total ZAR 24,435.84). Paying ZAR 23,496 today is not safe (only ZAR 0 is available above the ZAR 29,700 minimum); the installments are covered by the ZAR 35,420 salary on 15 March 2024 and keep at least ZAR 29,700 available."
request_98,7346.16,affordable_later,wait,2025-10-15:27148,2025-10-15,none,"Pay ZAR 27,148 in full on 15 October 2025. Only ZAR 7,346.16 is safe today: paying earlier would take the balance below the ZAR 30,000 minimum (lowest projected balance ZAR 37,346.16 on 13 August 2025); after the ZAR 36,080 salary on 15 August 2025 the full payment keeps the minimum protected."
request_99,17514.28,affordable_with_plan,full_payment,2026-07-04:18062,2026-07-15,stop:event_9188,"Stop the family streaming plan, then pay ZAR 18,062 today. Without these changes only ZAR 17,514.28 is safe today and the full amount is not safe until 15 July 2026, past the 14 July 2026 deadline; with them the balance stays above the ZAR 49,100 minimum, helped by the ZAR 56,980 salary on 15 July 2026."
request_100,25113.12,affordable_with_plan,installments,2024-06-13:12866.19|2024-07-14:12866.19|2024-08-14:12866.19,2024-07-15,reduce_to:event_9267:508.20,"Reduce the streaming subscription to ZAR 508.20, then use 3 installments of ZAR 12,866.19, starting 13 June 2024 (total ZAR 38,598.57). Paying ZAR 37,114 today is not safe (only ZAR 25,113.12 is available above the ZAR 32,500 minimum); the installments are covered by the ZAR 42,680 salary on 15 June 2024 and keep at least ZAR 32,500 available."
request_101,142215.15,affordable_with_plan,full_payment,2025-11-03:143500,2025-11-15,stop:event_9378,"Stop the online backup subscription, then pay INR 143,500 today. Without these changes only INR 142,215.15 is safe today and the full amount is not safe until 15 November 2025, past the 14 November 2025 deadline; with them the balance stays above the INR 187,400 minimum, helped by the INR 254,000 salary on 15 November 2025."
request_102,1716,affordable_with_plan,installments,2026-04-05:594.88|2026-05-05:594.88|2026-06-04:594.88,2026-04-05,none,"Use 3 installments of EUR 594.88, starting 5 April 2026 (total EUR 1,784.64). You do not accept a single full payment; the installments are covered by the EUR 1,419 invoice payment on 15 April 2026 and keep at least EUR 900 available."
request_103,8428.17,not_affordable,not_recommended,none,,none,"Do not proceed with the INR 368,300 request. Although INR 8,428.17 is available today, the full amount cannot be completed safely within 90 days: the projected balance bottoms out at INR 133,928.17 on 13 September 2024 (including the reserved INR 7,490 pending pharmacy card charge on 11 September 2024) against the INR 125,500 minimum, and the INR 164,880 salary on 15 September 2024."
request_104,7029.35,affordable_later,wait,2025-04-15:17204,2025-04-15,none,"Pay ZAR 17,204 in full on 15 April 2025. Only ZAR 7,029.35 is safe today: paying earlier would take the balance below the ZAR 24,700 minimum (lowest projected balance ZAR 31,729.35 on 12 April 2025 (including the reserved ZAR 1,964.60 scheduled utility debit on 11 February 2025)); after the ZAR 21,516 salary on 15 February 2025 the full payment keeps the minimum protected."
request_105,51388.06,affordable_with_plan,full_payment,2026-06-08:53500,2026-06-15,reduce_to:event_9720:1632,"Reduce the household shopping to INR 1,632, then pay INR 53,500 today. Without these changes only INR 51,388.06 is safe today and the full amount is not safe until 15 June 2026, past the 14 June 2026 deadline; with them the balance stays above the INR 73,900 minimum, helped by the INR 117,000 salary on 15 June 2026."
request_106,363.03,affordable_later,wait,2025-02-15:2207.70,2025-02-15,none,"Pay EUR 2,207.70 in full on 15 February 2025. Only EUR 363.03 is safe today: paying earlier would take the balance below the EUR 1,200 minimum (lowest projected balance EUR 1,563.03 on 12 December 2024); after the EUR 1,815 salary on 15 December 2024 the full payment keeps the minimum protected."
request_107,2457.13,affordable_with_plan,installments,2025-05-08:878.59|2025-06-05:878.59|2025-07-03:878.59,2025-07-15,reduce_to:event_9959:42.50,"Reduce the quick-service meal to EUR 42.50, then use 3 installments of EUR 878.59, starting 8 May 2025 (total EUR 2,635.77). Paying EUR 2,534.40 today is not safe (only EUR 2,457.13 is available above the EUR 1,600 minimum); the installments are covered by the EUR 2,123 salary on 15 May 2025 and keep at least EUR 1,600 available."
request_108,1719.86,not_affordable,not_recommended,none,,none,"Do not proceed with the ZAR 55,308 request. Although ZAR 1,719.86 is available today, the full amount cannot be completed safely within 90 days: the projected balance bottoms out at ZAR 25,819.86 on 11 July 2026 against the ZAR 24,100 minimum, and the ZAR 20,064 salary on 15 July 2026."
request_109,544.42,affordable_with_plan,installments,2024-03-18:645.98|2024-04-18:645.98|2024-05-19:645.98,2024-05-15,stop:event_10081,"Stop the video streaming plan, then use 3 installments of EUR 645.98, starting 18 March 2024 (total EUR 1,937.94). Paying EUR 1,863.40 today is not safe (only EUR 544.42 is available above the EUR 1,700 minimum); the installments are covered by the EUR 2,395.68 salary on 15 March 2024 and keep at least EUR 1,700 available."
request_110,22352,affordable_with_plan,installments,2025-08-06:7748.69|2025-09-03:7748.69|2025-10-01:7748.69,2025-08-06,none,"Use 3 installments of ZAR 7,748.69, starting 6 August 2025 (total ZAR 23,246.07). You do not accept a single full payment; the installments are covered by the ZAR 16,720 invoice payment on 15 August 2025 and keep at least ZAR 11,200 available."
request_111,16409241.56,affordable_with_plan,full_payment,2026-04-03:16625000,,stop:event_10264,"Stop the online backup subscription, then pay IDR 16,625,000 today. Without these changes only IDR 16,409,241.56 is safe today and the full amount is not safe within the forecast window; with them the balance stays above the IDR 23,022,800 minimum."
request_112,259.74,affordable_with_plan,full_payment,2024-06-05:271.70,2024-06-15,reduce_to:event_10400:13,"Reduce the weekend food delivery to EUR 13, then pay EUR 271.70 today. Without these changes only EUR 259.74 is safe today and the full amount is not safe until 15 June 2024, past the 14 June 2024 deadline; with them the balance stays above the EUR 500 minimum, helped by the EUR 627 salary on 15 June 2024."
request_113,23820.51,affordable_later,wait,2026-10-15:36500,2026-10-15,none,"Wait until 15 October 2026, then pay INR 36,500 in full. Only INR 23,820.51 is safe today: paying earlier would take the balance below the INR 82,300 minimum (lowest projected balance INR 106,120.51 on 14 September 2026); after the INR 107,995.68 salary on 15 September 2026 the full payment keeps the minimum protected."
request_114,63100.16,affordable_with_plan,full_payment,2026-01-04:65300,2026-01-15,stop:event_10559,"Stop the streaming subscription, then pay INR 65,300 today. Without these changes only INR 63,100.16 is safe today and the full amount is not safe until 15 January 2026, past the 14 January 2026 deadline; with them the balance stays above the INR 113,400 minimum, helped by the INR 148,200 salary on 15 January 2026."
request_115,11611.85,affordable_later,wait,2024-11-15:80500,2024-11-15,none,"Pay INR 80,500 in full on 15 November 2024. Only INR 11,611.85 is safe today: paying earlier would take the balance below the INR 38,800 minimum (lowest projected balance INR 50,411.85 on 13 September 2024); after the INR 59,000 salary on 15 September 2024 the full payment keeps the minimum protected."
request_116,6154.33,not_affordable,not_recommended,none,,none,"Do not proceed with the INR 241,200 request. Although INR 6,154.33 is available today, the full amount cannot be completed safely within 90 days: the projected balance bottoms out at INR 86,454.33 on 13 February 2025 against the INR 80,300 minimum, and the INR 124,000 salary on 15 February 2025."
request_117,860.46,affordable_with_plan,full_payment,2026-07-05:880,2026-07-15,stop:event_10833,"Stop the family streaming plan, then pay EUR 880 today. Without these changes only EUR 860.46 is safe today and the full amount is not safe until 15 July 2026, past the 14 July 2026 deadline; with them the balance stays above the EUR 1,000 minimum, helped by the EUR 1,188 salary on 15 July 2026."
request_118,649.4,affordable_with_plan,installments,2024-12-07:255.87|2025-01-07:255.87|2025-02-07:255.87,2025-01-15,reduce_to:event_10912:11,"Reduce the streaming subscription to EUR 11, then use 3 installments of EUR 255.87, starting 7 December 2024 (total EUR 767.61). Paying EUR 738.10 today is not safe (only EUR 649.40 is available above the EUR 600 minimum); the installments are covered by the EUR 759 salary on 15 December 2024 and keep at least EUR 600 available."
request_119,54750.26,affordable_with_plan,installments,2025-05-18:70546.67|2025-06-15:70546.67|2025-07-13:70546.67,2025-07-15,reduce_to:event_11057:2370,"Reduce the family dinner to INR 2,370, then use 3 installments of INR 70,546.67, starting 18 May 2025 (total INR 211,640.01). Paying INR 203,500 today is not safe (only INR 54,750.26 is available above the INR 151,200 minimum); the installments are covered by the INR 176,000 salary on 15 May 2025 and keep at least INR 151,200 available."
request_120,7119150.78,affordable_with_plan,full_payment,2026-04-06:7714000,2026-04-15,stop:event_11086,"Stop the video streaming plan, then pay IDR 7,714,000 today. Without these changes only IDR 7,119,150.78 is safe today and the full amount is not safe until 15 April 2026, past the 14 April 2026 deadline; with them the balance stays above the IDR 20,050,300 minimum, helped by the IDR 23,750,000 salary on 15 April 2026."
request_121,612.43,affordable_with_plan,full_payment,2024-03-03:633.60,2024-03-15,stop:event_11163|reduce_to:event_11165:8,"Reduce the games and recreation to USD 8 and stop the food delivery membership, then pay USD 633.60 today. Without these changes only USD 612.43 is safe today and the full amount is not safe until 15 March 2024, past the 14 March 2024 deadline; with them the balance stays above the USD 800 minimum, helped by the USD 1,056 salary on 15 March 2024."
request_122,20558000,affordable_with_plan,installments,2025-08-05:7126773.33|2025-09-02:7126773.33|2025-09-30:7126773.33,2025-08-05,none,"Use 3 installments of IDR 7,126,773.33, starting 5 August 2025 (total IDR 21,380,319.99). You do not accept a single full payment; the installments are covered by the IDR 15,390,000 invoice payment on 15 August 2025 and keep at least IDR 12,588,500 available."
request_123,4076000,affordable_now,full_payment,2026-01-07:4076000,2026-01-07,none,"Pay IDR 4,076,000 today. Even after paying, the balance stays above the IDR 18,091,200 minimum for the next 90 days (lowest point IDR 18,319,751.93 on 7 April 2026 (including the reserved IDR 1,388,900 pending pharmacy card charge on 11 January 2026))."
request_124,1244.59,affordable_with_plan,installments,2024-06-11:1076.12|2024-07-12:1076.12|2024-08-12:1076.12,2024-08-15,stop:event_11448|reduce_to:event_11480:38,"Reduce the family dinner to EUR 38 and stop the music service subscription, then use 3 installments of EUR 1,076.12, starting 11 June 2024 (total EUR 3,228.36). Paying EUR 3,104.20 today is not safe (only EUR 1,244.59 is available above the EUR 1,600 minimum); the installments are covered by the EUR 2,629 salary on 15 June 2024 and keep at least EUR 1,600 available."
request_125,6361.03,affordable_with_plan,full_payment,2025-11-06:6468,2025-11-15,stop:event_11519,"Stop the cloud storage plan, then pay ZAR 6,468 today. Without these changes only ZAR 6,361.03 is safe today and the full amount is not safe until 15 November 2025, past the 14 November 2025 deadline; with them the balance stays above the ZAR 11,300 minimum, helped by the ZAR 14,960 salary on 15 November 2025."
request_126,157123.84,affordable_with_plan,full_payment,2026-07-03:159600,,stop:event_11636,"Stop the online backup subscription, then pay INR 159,600 today. Without these changes only INR 157,123.84 is safe today and the full amount is not safe within the forecast window; with them the balance stays above the INR 129,700 minimum, helped by the INR 152,000 invoice payment on 15 July 2026."
request_127,10811.53,affordable_later,wait,2024-10-15:23980,2024-10-15,none,"Wait until 15 October 2024, then pay ZAR 23,980 in full. Only ZAR 10,811.53 is safe today: paying earlier would take the balance below the ZAR 41,000 minimum (lowest projected balance ZAR 51,811.53 on 14 September 2024); after the ZAR 50,160 salary on 15 September 2024 the full payment keeps the minimum protected."
request_128,24249.23,affordable_with_plan,full_payment,2025-02-07:25168,2025-02-15,reduce_to:event_11812:1058.20,"Reduce the cinema and events to ZAR 1,058.20, then pay ZAR 25,168 today. Without these changes only ZAR 24,249.23 is safe today and the full amount is not safe until 15 February 2025, past the 14 February 2025 deadline; with them the balance stays above the ZAR 42,600 minimum, helped by the ZAR 55,220 salary on 15 February 2025."
request_129,54.28,not_affordable,not_recommended,none,,none,"Do not proceed with the USD 2,668.80 request. Although USD 54.28 is available today, the full amount cannot be completed safely within 90 days: the projected balance bottoms out at USD 854.28 on 12 April 2026 against the USD 800 minimum, and the USD 1,020 salary on 15 April 2026."
request_130,436.8,affordable_later,wait,2025-02-15:1978.80,2025-02-15,none,"Pay USD 1,978.80 in full on 15 February 2025. Only USD 436.80 is safe today: paying earlier would take the balance below the USD 1,400 minimum (lowest projected balance USD 1,836.80 on 14 December 2024); after the USD 2,177.28 salary on 15 December 2024 the full payment keeps the minimum protected."
request_131,1119.97,not_affordable,not_recommended,none,2025-07-23,none,"Do not make this payment by 8 July 2025. Only USD 1,119.97 is safe today and the full USD 1,855.20 only becomes safe on 23 July 2025, but you only accept installments, and none of those keeps the USD 1,100 minimum protected."
request_132,255.9,affordable_later,wait,2026-02-15:379.86,2026-02-15,none,"Wait until 15 February 2026, then pay USD 379.86 in full. Only USD 255.90 is safe today: paying earlier would take the balance below the USD 1,100 minimum (lowest projected balance USD 1,355.90 on 13 January 2026); after the USD 1,193.40 salary on 15 January 2026 the full payment keeps the minimum protected."
request_133,714453.5,not_affordable,not_recommended,none,,none,"Do not proceed with the IDR 15,770,000 request. Although IDR 714,453.50 is available today, the full amount cannot be completed safely within 90 days: the projected balance bottoms out at IDR 10,700,653.50 on 4 June 2024 against the IDR 9,986,200 minimum, and no confirmed income is projected in the window."
request_134,4920425.14,affordable_later,wait,2025-10-15:21831000,2025-10-15,none,"Pay IDR 21,831,000 in full on 15 October 2025. Only IDR 4,920,425.14 is safe today: paying earlier would take the balance below the IDR 15,902,500 minimum (lowest projected balance IDR 20,822,925.14 on 14 August 2025); after the IDR 24,510,000 salary on 15 August 2025 the full payment keeps the minimum protected."
request_135,281.8,affordable_with_plan,full_payment,2026-07-06:304.80,2026-07-15,stop:event_12413,"Stop the video streaming plan, then pay USD 304.80 today. Without these changes only USD 281.80 is safe today and the full amount is not safe until 15 July 2026, past the 14 July 2026 deadline; with them the balance stays above the USD 500 minimum, helped by the USD 828 salary on 15 July 2026."
request_136,528.47,affordable_with_plan,full_payment,2024-06-03:560.40,2024-06-15,reduce_to:event_12498:27.20,"Reduce the household shopping to USD 27.20, then pay USD 560.40 today. Without these changes only USD 528.47 is safe today and the full amount is not safe until 15 June 2024, past the 14 June 2024 deadline; with them the balance stays above the USD 1,100 minimum, helped by the USD 1,548 salary on 15 June 2024."
request_137,19149.18,affordable_later,wait,2026-01-15:80100,2026-01-15,none,"Pay INR 80,100 in full on 15 January 2026. Only INR 19,149.18 is safe today: paying earlier would take the balance below the INR 71,800 minimum (lowest projected balance INR 90,949.18 on 14 December 2025); after the INR 114,000 salary on 15 November 2025 the full payment keeps the minimum protected."
request_138,595.5,affordable_with_plan,partial_payment,2026-04-07:595.50|2026-04-15:661.44,2026-04-15,none,"Pay EUR 595.50 today and the remaining EUR 661.44 on 15 April 2026. EUR 595.50 is the most the balance can absorb before the EUR 2,695 salary on 15 April 2026; the second payment completes the request by the 5 June 2026 deadline and keeps the EUR 2,300 minimum protected."
request_139,1371.79,not_affordable,not_recommended,none,2024-10-15,none,"Do not make this payment by 17 November 2024. Only USD 1,371.79 is safe today and the full USD 2,316 only becomes safe on 15 October 2024, but you only accept partial payment, installments, and none of those keeps the USD 1,500 minimum protected."
request_140,1532.81,not_affordable,not_recommended,none,,none,"Do not proceed with the ZAR 62,832 request. Although ZAR 1,532.81 is available today, the full amount cannot be completed safely within 90 days: the projected balance bottoms out at ZAR 23,132.81 on 12 February 2025 (including the reserved ZAR 2,004.20 pending online order charge on 7 February 2025) against the ZAR 21,600 minimum, and the ZAR 31,900 salary on 15 February 2025."
request_141,21472.19,not_affordable,not_recommended,none,,none,"Do not proceed with the INR 171,600 request. Although INR 21,472.19 is available today, the full amount cannot be completed safely within 90 days: the projected balance bottoms out at INR 88,772.19 on 14 January 2026 (including the reserved INR 3,810 pending fuel authorization on 5 January 2026) against the INR 67,300 minimum, and the INR 97,000 salary on 15 January 2026."
request_142,1263.6,affordable_now,full_payment,2024-12-05:1263.60,2024-12-05,none,"Pay USD 1,263.60 today. Even after paying, the balance stays above the USD 1,700 minimum for the next 90 days (lowest point USD 3,594.46 on 5 March 2025 (including the reserved USD 65 pending merchant debit on 8 December 2024)), with the USD 2,040 invoice payment on 15 December 2024."
request_143,3031.57,affordable_later,wait,2025-07-15:12584,2025-07-15,none,"Pay ZAR 12,584 in full on 15 July 2025. Only ZAR 3,031.57 is safe today: paying earlier would take the balance below the ZAR 11,300 minimum (lowest projected balance ZAR 14,331.57 on 13 May 2025 (including the reserved ZAR 426.80 pending pharmacy card charge on 11 May 2025)); after the ZAR 14,960 salary on 15 May 2025 the full payment keeps the minimum protected."
request_144,190.26,affordable_later,wait,2026-07-15:233.34,2026-07-15,none,"Wait until 15 July 2026, then pay USD 233.34 in full. Only USD 190.26 is safe today: paying earlier would take the balance below the USD 600 minimum (lowest projected balance USD 790.26 on 14 July 2026 (including the reserved USD 51 scheduled insurance payment on 11 July 2026)); after the USD 864 salary on 15 July 2026 the full payment keeps the minimum protected."
request_145,27048.49,affordable_with_plan,installments,2024-03-20:75365.33|2024-04-20:75365.33|2024-05-21:75365.33,2024-05-15,reduce_to:event_13341:2920|reduce_to:event_13409:3335,"Reduce the takeaway order to INR 3,335 and reduce the video streaming plan to INR 2,920, then use 3 installments of INR 75,365.33, starting 20 March 2024 (total INR 226,095.99). Paying INR 217,400 today is not safe (only INR 27,048.49 is available above the INR 155,400 minimum); the installments are covered by the INR 258,000 salary on 15 March 2024 and keep at least INR 155,400 available."
request_146,9137.16,not_affordable,not_recommended,none,,none,"Do not proceed with the INR 449,400 request. Although INR 9,137.16 is available today, the full amount cannot be completed safely within 90 days: the projected balance bottoms out at INR 117,737.16 on 13 August 2025 against the INR 108,600 minimum, and the INR 168,000 salary on 15 August 2025."
request_147,388.92,affordable_with_plan,installments,2026-04-08:391.63|2026-05-08:391.63|2026-06-07:391.63,2026-05-15,stop:event_13520,"Stop the online backup subscription, then use 3 installments of EUR 391.63, starting 8 April 2026 (total EUR 1,174.89). Paying EUR 1,129.70 today is not safe (only EUR 388.92 is available above the EUR 900 minimum); the installments are covered by the EUR 1,529 salary on 15 April 2026 and keep at least EUR 900 available."
request_148,7157.71,affordable_with_plan,installments,2024-06-14:7710.56|2024-07-15:7710.56|2024-08-15:7710.56,2024-07-15,stop:event_13592,"Stop the food delivery membership, then use 3 installments of ZAR 7,710.56, starting 14 June 2024 (total ZAR 23,131.68). Paying ZAR 22,242 today is not safe (only ZAR 7,157.71 is available above the ZAR 20,000 minimum); the installments are covered by the ZAR 35,640 salary on 15 June 2024 and keep at least ZAR 20,000 available."
request_149,22834,affordable_with_plan,installments,2025-11-18:12706.03|2025-12-16:12706.03|2026-01-13:12706.03,2025-12-15,none,"Use 3 installments of ZAR 12,706.03, starting 18 November 2025 (total ZAR 38,118.09). Paying ZAR 36,652 today is not safe (only ZAR 22,834 is available above the ZAR 42,100 minimum); the installments are covered by the ZAR 52,360 salary on 15 November 2025 and keep at least ZAR 42,100 available."
request_150,310.44,affordable_with_plan,installments,2026-01-06:171.98|2026-02-05:171.98|2026-03-07:171.98,2026-03-15,stop:event_13786,"Stop the family streaming plan, then use 3 installments of EUR 171.98, starting 6 January 2026 (total EUR 515.94). Paying EUR 496.10 today is not safe (only EUR 310.44 is available above the EUR 700 minimum); the installments are covered by the EUR 893.75 salary on 15 January 2026 and keep at least EUR 700 available."
request_151,26661580.08,affordable_with_plan,full_payment,2024-09-03:26999000,2024-09-15,reduce_to:event_13923:633650,"Reduce the coffee shop to IDR 633,650, then pay IDR 26,999,000 today. Without these changes only IDR 26,661,580.08 is safe today and the full amount is not safe until 15 September 2024, past the 14 September 2024 deadline; with them the balance stays above the IDR 31,633,600 minimum, helped by the IDR 46,170,000 salary on 15 September 2024."
request_152,10584.56,affordable_with_plan,installments,2025-02-12:4812.43|2025-03-12:4812.43|2025-04-09:4812.43,2025-04-15,stop:event_13957|reduce_to:event_14024:234.30,"Reduce the coffee shop to ZAR 234.30 and stop the music subscription, then use 3 installments of ZAR 4,812.43, starting 12 February 2025 (total ZAR 14,437.29). Paying ZAR 13,882 today is not safe (only ZAR 10,584.56 is available above the ZAR 11,900 minimum); the installments are covered by the ZAR 13,640 salary on 15 February 2025 and keep at least ZAR 11,900 available."
request_153,67.28,not_affordable,not_recommended,none,,none,"Do not proceed with the USD 2,830.80 request. Although USD 67.28 is available today, the full amount cannot be completed safely within 90 days: the projected balance bottoms out at USD 1,467.28 on 14 September 2026 against the USD 1,400 minimum, and the USD 1,630.64 salary on 15 July 2026."
request_154,1625.8,affordable_with_plan,installments,2024-12-04:563.61|2025-01-04:563.61|2025-02-04:563.61,2024-12-04,none,"Use 3 installments of EUR 563.61, starting 4 December 2024 (total EUR 1,690.83). You do not accept a single full payment; the installments are covered by the EUR 1,009.36 salary on 15 December 2024 and keep at least EUR 1,300 available."
request_155,112500,affordable_now,full_payment,2025-05-06:112500,2025-05-06,none,"Pay INR 112,500 today. Even after paying, the balance stays above the INR 56,300 minimum for the next 90 days (lowest point INR 73,161.52 on 14 May 2025), with the INR 84,000 salary on 15 May 2025."
request_156,6403.19,affordable_later,wait,2026-06-15:43076,2026-06-15,none,"Pay ZAR 43,076 in full on 15 June 2026. Only ZAR 6,403.19 is safe today: paying earlier would take the balance below the ZAR 26,900 minimum (lowest projected balance ZAR 33,303.19 on 11 April 2026 (including the reserved ZAR 1,617 possible duplicate card charge on 6 April 2026)); after the ZAR 32,340 salary on 15 April 2026 the full payment keeps the minimum protected."
request_157,4806425.93,affordable_later,wait,2024-05-15:23503000,2024-05-15,none,"Pay IDR 23,503,000 in full on 15 May 2024. Only IDR 4,806,425.93 is safe today: paying earlier would take the balance below the IDR 15,714,100 minimum (lowest projected balance IDR 20,520,525.93 on 14 March 2024); after the IDR 23,940,000 salary on 15 March 2024 the full payment keeps the minimum protected."
request_158,242600,affordable_with_plan,installments,2025-08-07:84101.33|2025-09-04:84101.33|2025-10-02:84101.33,2025-08-07,none,"Use 3 installments of INR 84,101.33, starting 7 August 2025 (total INR 252,303.99). You do not accept a single full payment; the spread-out installments fit the existing balance and keep at least INR 131,400 available."
request_159,507.7,not_affordable,not_recommended,none,,none,"Do not proceed with the ZAR 13,398 request. Although ZAR 507.70 is available today, the full amount cannot be completed safely within 90 days: the projected balance bottoms out at ZAR 9,207.70 on 4 April 2026 against the ZAR 8,700 minimum, and no confirmed income is projected in the window."
request_160,465.41,affordable_with_plan,installments,2024-06-13:432.05|2024-07-14:432.05|2024-08-14:432.05,2024-07-15,none,"Use 3 installments of EUR 432.05, starting 13 June 2024 (total EUR 1,296.15). Paying EUR 1,246.30 today is not safe (only EUR 465.41 is available above the EUR 1,200 minimum); the installments are covered by the EUR 1,672 salary on 15 June 2024 and keep at least EUR 1,200 available."
request_161,5427343.57,affordable_later,wait,2026-01-15:21204000,2026-01-15,none,"Pay IDR 21,204,000 in full on 15 January 2026. Only IDR 5,427,343.57 is safe today: paying earlier would take the balance below the IDR 23,010,400 minimum (lowest projected balance IDR 28,437,743.57 on 14 November 2025 (including the reserved IDR 1,056,400 pending fuel authorization on 5 November 2025)); after the IDR 26,790,000 salary on 15 November 2025 the full payment keeps the minimum protected."
request_162,1331595.78,not_affordable,not_recommended,none,,none,"Do not proceed with the IDR 83,923,000 request. Although IDR 1,331,595.78 is available today, the full amount cannot be completed safely within 90 days: the projected balance bottoms out at IDR 25,492,695.78 on 11 July 2026 (including the reserved IDR 1,844,900 pending merchant debit on 8 July 2026) against the IDR 24,161,100 minimum, and the IDR 29,070,000 salary on 15 July 2026."
request_163,10082551.11,affordable_with_plan,installments,2024-09-10:6692053.33|2024-10-11:6692053.33|2024-11-11:6692053.33,2024-10-15,none,"Use 3 installments of IDR 6,692,053.33, starting 10 September 2024 (total IDR 20,076,159.99). Paying IDR 19,304,000 today is not safe (only IDR 10,082,551.11 is available above the IDR 26,728,700 minimum); the installments are covered by the IDR 30,400,000 salary on 15 September 2024 and keep at least IDR 26,728,700 available."
request_164,27018000,affordable_with_plan,installments,2025-02-11:9366240|2025-03-11:9366240|2025-04-08:9366240,2025-02-04,none,"Use 3 installments of IDR 9,366,240, starting 11 February 2025 (total IDR 28,098,720). You do not accept a single full payment; the installments are covered by the IDR 26,562,000 salary on 15 February 2025 and keep at least IDR 29,550,500 available."
request_165,80600,affordable_now,full_payment,2026-04-06:80600,2026-04-06,none,"Pay INR 80,600 today. Even after paying, the balance stays above the INR 95,000 minimum for the next 90 days (lowest point INR 109,293.81 on 4 July 2026)."
request_166,2907.6,affordable_with_plan,installments,2024-12-03:1007.97|2025-01-03:1007.97|2025-02-03:1007.97,2024-12-03,none,"Use 3 installments of USD 1,007.97, starting 3 December 2024 (total USD 3,023.91). You do not accept a single full payment; the installments are covered by the USD 2,340 invoice payment on 15 December 2024 and keep at least USD 1,700 available."
request_167,43802,affordable_now,full_payment,2025-05-05:43802,2025-05-05,none,"Pay ZAR 43,802 today. Even after paying, the balance stays above the ZAR 31,200 minimum for the next 90 days (lowest point ZAR 37,941.51 on 17 May 2025), with the ZAR 47,740 salary on 23 May 2025."
request_168,29894.66,affordable_with_plan,partial_payment,2026-01-07:29894.66|2026-02-15:19485.34,2026-02-15,none,"Pay INR 29,894.66 today and the remaining INR 19,485.34 on 15 February 2026. INR 29,894.66 is the most the balance can absorb before the INR 137,150 salary on 15 January 2026; the second payment completes the request by the 16 March 2026 deadline and keeps the INR 114,400 minimum protected."
request_169,41976,affordable_now,full_payment,2024-03-04:41976,2024-03-04,none,"Pay ZAR 41,976 today. Even after paying, the balance stays above the ZAR 18,700 minimum for the next 90 days (lowest point ZAR 24,890.80 on 14 March 2024), with the ZAR 33,000 salary on 15 March 2024."
request_170,30534419.42,affordable_with_plan,installments,2025-08-06:12804480|2025-09-03:12804480|2025-10-01:12804480,2025-09-15,none,"Use 3 installments of IDR 12,804,480, starting 6 August 2025 (total IDR 38,413,440). Paying IDR 36,936,000 today is not safe (only IDR 30,534,419.42 is available above the IDR 24,715,800 minimum); the installments are covered by the IDR 38,760,000 salary on 15 August 2025 and keep at least IDR 24,715,800 available."
request_171,34.59,not_affordable,not_recommended,none,,none,"Do not proceed with the EUR 1,878.80 request. Although EUR 34.59 is available today, the full amount cannot be completed safely within 90 days: the projected balance bottoms out at EUR 534.59 on 12 July 2026 against the EUR 500 minimum, and the EUR 693 salary on 15 July 2026."
request_172,7534.12,affordable_with_plan,partial_payment,2024-06-05:7534.12|2024-06-15:2665.88,2024-06-15,none,"Pay ZAR 7,534.12 today and the remaining ZAR 2,665.88 on 15 June 2024. ZAR 7,534.12 is the most the balance can absorb before the ZAR 34,540 salary on 15 June 2024; the second payment completes the request by the 15 July 2024 deadline and keeps the ZAR 27,200 minimum protected."
request_173,59525.77,affordable_with_plan,installments,2025-11-21:39173.33|2025-12-19:39173.33|2026-01-16:39173.33,2026-01-15,none,"Use 3 installments of INR 39,173.33, starting 21 November 2025 (total INR 117,519.99). Paying INR 113,000 today is not safe (only INR 59,525.77 is available above the INR 79,100 minimum); the installments are covered by the INR 106,995.72 salary on 15 November 2025 and keep at least INR 79,100 available."
request_174,1146.2,affordable_with_plan,installments,2026-04-04:397.35|2026-05-04:397.35|2026-06-03:397.35,2026-04-04,none,"Use 3 installments of EUR 397.35, starting 4 April 2026 (total EUR 1,192.05). You do not accept a single full payment; the spread-out installments fit the existing balance and keep at least EUR 700 available."
request_175,2346.3,affordable_now,full_payment,2024-09-06:2346.30,2024-09-06,none,"Pay EUR 2,346.30 today. Even after paying, the balance stays above the EUR 1,700 minimum for the next 90 days (lowest point EUR 2,049.99 on 13 September 2024), with the EUR 1,924.56 salary on 15 September 2024."
request_176,38.81,not_affordable,not_recommended,none,,none,"Do not proceed with the EUR 1,239.70 request. Although EUR 38.81 is available today, the full amount cannot be completed safely within 90 days: the projected balance bottoms out at EUR 638.81 on 12 April 2025 against the EUR 600 minimum, and the EUR 508.20 salary on 15 February 2025."
request_177,1017.6,affordable_now,full_payment,2026-01-05:1017.60,2026-01-05,none,"Pay USD 1,017.60 today. Even after paying, the balance stays above the USD 1,300 minimum for the next 90 days (lowest point USD 1,455.87 on 14 January 2026), with the USD 1,731.60 salary on 15 January 2026."
request_178,2938.1,affordable_with_plan,installments,2024-12-07:1018.54|2025-01-07:1018.54|2025-02-07:1018.54,2024-12-07,none,"Use 3 installments of EUR 1,018.54, starting 7 December 2024 (total EUR 3,055.62). You do not accept a single full payment; the installments are covered by the EUR 2,376 invoice payment on 15 December 2024 and keep at least EUR 1,400 available."
request_179,9764337.7,affordable_later,wait,2025-07-15:41648000,2025-07-15,none,"Pay IDR 41,648,000 in full on 15 July 2025. Only IDR 9,764,337.70 is safe today: paying earlier would take the balance below the IDR 41,430,800 minimum (lowest projected balance IDR 51,195,137.70 on 13 May 2025); after the IDR 48,830,000 salary on 15 May 2025 the full payment keeps the minimum protected."
request_180,66500,affordable_now,full_payment,2026-07-06:66500,2026-07-06,none,"Pay INR 66,500 today. Even after paying, the balance stays above the INR 37,300 minimum for the next 90 days (lowest point INR 47,363.99 on 12 July 2026 (including the reserved INR 2,290 pending online order charge on 7 July 2026)), with the INR 59,000 salary on 15 July 2026."
request_181,118.66,not_affordable,not_recommended,none,,none,"Do not proceed with the USD 5,059.20 request. Although USD 118.66 is available today, the full amount cannot be completed safely within 90 days: the projected balance bottoms out at USD 2,118.66 on 14 March 2024 (including the reserved USD 129 scheduled bill payment retry on 7 March 2024) against the USD 2,000 minimum, and the USD 2,580 salary on 15 March 2024."
request_182,65714,affordable_now,full_payment,2025-08-05:65714,2025-08-05,none,"Pay ZAR 65,714 today. Even after paying, the balance stays above the ZAR 31,100 minimum for the next 90 days (lowest point ZAR 41,104 on 13 August 2025 (including the reserved ZAR 1,243 pending merchant debit on 8 August 2025)), with the ZAR 52,800 salary on 15 August 2025."
request_183,23577814.2,affordable_with_plan,installments,2026-04-10:9313546.67|2026-05-10:9313546.67|2026-06-09:9313546.67,2026-05-15,none,"Use 3 installments of IDR 9,313,546.67, starting 10 April 2026 (total IDR 27,940,640.01). Paying IDR 26,866,000 today is not safe (only IDR 23,577,814.20 is available above the IDR 11,878,300 minimum); the installments are covered by the IDR 20,899,995.60 salary on 15 April 2026 and keep at least IDR 11,878,300 available."
request_184,6666.02,not_affordable,not_recommended,none,,none,"Do not proceed with the INR 251,900 request. Although INR 6,666.02 is available today, the full amount cannot be completed safely within 90 days: the projected balance bottoms out at INR 117,466.02 on 13 June 2024 (including the reserved INR 4,820 scheduled school fee on 11 June 2024) against the INR 110,800 minimum, and the INR 131,994.72 salary on 15 June 2024."
request_185,312.6,affordable_later,wait,2026-01-15:1257.30,2026-01-15,none,"Pay EUR 1,257.30 in full on 15 January 2026. Only EUR 312.60 is safe today: paying earlier would take the balance below the EUR 1,300 minimum (lowest projected balance EUR 1,612.60 on 12 November 2025); after the EUR 1,562 salary on 15 November 2025 the full payment keeps the minimum protected."
request_186,6307.33,affordable_later,wait,2026-03-15:26554,2026-03-15,none,"Pay ZAR 26,554 in full on 15 March 2026. Only ZAR 6,307.33 is safe today: paying earlier would take the balance below the ZAR 22,000 minimum (lowest projected balance ZAR 28,307.33 on 13 January 2026); after the ZAR 31,889 salary on 15 January 2026 the full payment keeps the minimum protected."
request_187,28982.23,affordable_later,wait,2024-11-15:187500,2024-11-15,none,"Pay INR 187,500 in full on 15 November 2024. Only INR 28,982.23 is safe today: paying earlier would take the balance below the INR 128,300 minimum (lowest projected balance INR 157,282.23 on 13 September 2024); after the INR 145,000 salary on 15 September 2024 the full payment keeps the minimum protected."
request_188,60.25,not_affordable,not_recommended,none,,none,"Do not proceed with the EUR 2,464 request. Although EUR 60.25 is available today, the full amount cannot be completed safely within 90 days: the projected balance bottoms out at EUR 960.25 on 14 April 2025 against the EUR 900 minimum, and the EUR 1,386 salary on 15 February 2025."
request_189,488.4,affordable_now,full_payment,2026-07-04:488.40,2026-07-04,none,"Pay EUR 488.40 today. Even after paying, the balance stays above the EUR 400 minimum for the next 90 days (lowest point EUR 474.08 on 10 July 2026), with the EUR 627 salary on 15 July 2026."
request_190,566.09,affordable_later,wait,2025-02-15:2557.50,2025-02-15,none,"Pay EUR 2,557.50 in full on 15 February 2025. Only EUR 566.09 is safe today: paying earlier would take the balance below the EUR 1,600 minimum (lowest projected balance EUR 2,166.09 on 13 December 2024); after the EUR 2,849 salary on 15 December 2024 the full payment keeps the minimum protected."
request_191,664.4,affordable_now,full_payment,2025-05-03:664.40,2025-05-03,none,"Pay EUR 664.40 today. Even after paying, the balance stays above the EUR 500 minimum for the next 90 days (lowest point EUR 600.05 on 14 May 2025), with the EUR 814 salary on 15 May 2025."
request_192,56.33,not_affordable,not_recommended,none,,none,"Do not proceed with the USD 2,046 request. Although USD 56.33 is available today, the full amount cannot be completed safely within 90 days: the projected balance bottoms out at USD 1,056.33 on 11 June 2026 against the USD 1,000 minimum, and the USD 813.60 salary on 15 April 2026."
request_193,34.76,affordable_with_plan,installments,2024-03-21:420.23|2024-04-21:420.23|2024-05-22:420.23,2024-05-15,none,"Use 3 installments of EUR 420.23, starting 21 March 2024 (total EUR 1,260.69). Paying EUR 1,212.20 today is not safe (only EUR 34.76 is available above the EUR 1,000 minimum); the installments are covered by the EUR 1,750.32 salary on 15 March 2024 and keep at least EUR 1,000 available."
request_194,27353.18,affordable_later,wait,2025-10-23:132800,2025-10-23,none,"Pay INR 132,800 in full on 23 October 2025. Only INR 27,353.18 is safe today: paying earlier would take the balance below the INR 113,600 minimum (lowest projected balance INR 140,953.18 on 22 August 2025); after the INR 137,000 salary on 23 August 2025 the full payment keeps the minimum protected."
request_195,992.26,affordable_with_plan,installments,2026-01-09:405.74|2026-02-08:405.74|2026-03-10:405.74,2026-02-15,none,"Use 3 installments of EUR 405.74, starting 9 January 2026 (total EUR 1,217.22). Paying EUR 1,170.40 today is not safe (only EUR 992.26 is available above the EUR 700 minimum); the installments are covered by the EUR 1,222.65 salary on 15 January 2026 and keep at least EUR 700 available."
request_196,762.3,affordable_now,full_payment,2024-06-03:762.30,2024-06-03,none,"Pay EUR 762.30 today. Even after paying, the balance stays above the EUR 500 minimum for the next 90 days (lowest point EUR 614.25 on 10 June 2024), with the EUR 814 salary on 15 June 2024."
request_197,50939000,affordable_with_plan,installments,2025-11-19:17658853.33|2025-12-17:17658853.33|2026-01-14:17658853.33,2025-11-05,none,"Use 3 installments of IDR 17,658,853.33, starting 19 November 2025 (total IDR 52,976,559.99). You do not accept a single full payment; the installments are covered by the IDR 38,190,000 salary on 15 November 2025 and keep at least IDR 26,245,900 available."
request_198,185800,affordable_now,full_payment,2026-07-07:185800,2026-07-07,none,"Pay INR 185,800 today. Even after paying, the balance stays above the INR 124,300 minimum for the next 90 days (lowest point INR 152,231.19 on 13 July 2026 (including the reserved INR 8,800 possible duplicate card charge on 10 July 2026)), with the INR 176,000 salary on 15 July 2026."
request_199,23674000,affordable_with_plan,installments,2024-09-07:8206986.67|2024-10-08:8206986.67|2024-11-08:8206986.67,2024-09-04,none,"Use 3 installments of IDR 8,206,986.67, starting 7 September 2024 (total IDR 24,620,960.01). You do not accept a single full payment; the spread-out installments fit the existing balance and keep at least IDR 25,359,500 available."
request_200,21717000,affordable_now,full_payment,2025-02-06:21717000,2025-02-06,none,"Pay IDR 21,717,000 today. Even after paying, the balance stays above the IDR 20,114,600 minimum for the next 90 days (lowest point IDR 23,322,899.53 on 13 February 2025 (including the reserved IDR 1,014,600 pending online order charge on 7 February 2025)), with the IDR 22,610,000 salary on 15 February 2025."
request_201,23997000,affordable_now,full_payment,2026-04-03:23997000,2026-04-03,none,"Pay IDR 23,997,000 today. Even after paying, the balance stays above the IDR 17,304,500 minimum for the next 90 days (lowest point IDR 21,666,889.41 on 1 July 2026 (including the reserved IDR 665,000 pending fuel authorization on 5 April 2026))."
request_202,123900,affordable_now,full_payment,2024-12-05:123900,2024-12-05,none,"Pay INR 123,900 today. Even after paying, the balance stays above the INR 147,800 minimum for the next 90 days (lowest point INR 166,753.80 on 14 December 2024 (including the reserved INR 9,930 pending merchant debit on 8 December 2024)), with the INR 180,000 salary on 15 December 2024."
request_203,1442.1,affordable_with_plan,installments,2025-05-10:499.93|2025-06-07:499.93|2025-07-05:499.93,2025-05-07,none,"Use 3 installments of EUR 499.93, starting 10 May 2025 (total EUR 1,499.79). You do not accept a single full payment; the spread-out installments fit the existing balance and keep at least EUR 1,400 available."
request_204,445.28,affordable_later,wait,2026-01-15:588.74,2026-01-15,none,"Wait until 15 January 2026, then pay EUR 588.74 in full. Only EUR 445.28 is safe today: paying earlier would take the balance below the EUR 1,300 minimum (lowest projected balance EUR 1,745.28 on 14 January 2026 (including the reserved EUR 77 scheduled insurance payment on 11 January 2026)); after the EUR 2,024 salary on 15 January 2026 the full payment keeps the minimum protected."
request_205,10621000,affordable_now,full_payment,2024-03-06:10621000,2024-03-06,none,"Pay IDR 10,621,000 today. Even after paying, the balance stays above the IDR 13,994,300 minimum for the next 90 days (lowest point IDR 15,509,980.03 on 12 March 2024), with the IDR 18,240,000 salary on 15 March 2024."
request_206,1404.7,affordable_with_plan,installments,2025-08-03:486.96|2025-08-31:486.96|2025-09-28:486.96,2025-08-03,none,"Use 3 installments of EUR 486.96, starting 3 August 2025 (total EUR 1,460.88). You do not accept a single full payment; the spread-out installments fit the existing balance and keep at least EUR 900 available."
request_207,4603.61,affordable_later,wait,2026-07-15:11830,2026-07-15,none,"Wait until 15 July 2026, then pay ZAR 11,830 in full. Only ZAR 4,603.61 is safe today: paying earlier would take the balance below the ZAR 13,600 minimum (lowest projected balance ZAR 18,203.61 on 12 July 2026); after the ZAR 21,120 salary on 15 July 2026 the full payment keeps the minimum protected."
request_208,3073778.37,affordable_later,wait,2024-06-15:4413000,2024-06-15,none,"Wait until 15 June 2024, then pay IDR 4,413,000 in full. Only IDR 3,073,778.37 is safe today: paying earlier would take the balance below the IDR 10,470,700 minimum (lowest projected balance IDR 13,544,478.37 on 11 June 2024); after the IDR 13,870,000 salary on 15 June 2024 the full payment keeps the minimum protected."
request_209,1023.23,not_affordable,not_recommended,none,,none,"Do not proceed with the ZAR 56,914 request. Although ZAR 1,023.23 is available today, the full amount cannot be completed safely within 90 days: the projected balance bottoms out at ZAR 19,423.23 on 14 November 2025 against the ZAR 18,400 minimum, and the ZAR 21,120 salary on 15 November 2025."
request_210,640.72,affordable_with_plan,partial_payment,2026-04-06:640.72|2026-04-15:719.30,2026-04-15,none,"Pay USD 640.72 today and the remaining USD 719.30 on 15 April 2026. USD 640.72 is the most the balance can absorb before the USD 2,916 salary on 15 April 2026; the second payment completes the request by the 23 June 2026 deadline and keeps the USD 2,000 minimum protected."
request_211,377.71,affordable_later,wait,2024-11-15:1788.60,2024-11-15,none,"Pay EUR 1,788.60 in full on 15 November 2024. Only EUR 377.71 is safe today: paying earlier would take the balance below the EUR 1,500 minimum (lowest projected balance EUR 1,877.71 on 13 September 2024); after the EUR 1,884.96 salary on 15 September 2024 the full payment keeps the minimum protected."
request_212,1661455.88,not_affordable,not_recommended,none,,none,"Do not proceed with the IDR 71,934,000 request. Although IDR 1,661,455.88 is available today, the full amount cannot be completed safely within 90 days: the projected balance bottoms out at IDR 31,241,255.88 on 22 February 2025 against the IDR 29,579,800 minimum, and the IDR 33,440,000 salary on 23 February 2025."
request_213,3362.4,affordable_with_plan,installments,2026-01-21:1165.63|2026-02-20:1165.63|2026-03-22:1165.63,2026-01-07,none,"Use 3 installments of USD 1,165.63, starting 21 January 2026 (total USD 3,496.89). You do not accept a single full payment; the spread-out installments fit the existing balance and keep at least USD 2,100 available."
request_214,53515.61,affordable_with_plan,partial_payment,2024-12-04:53515.61|2024-12-15:16234.39,2024-12-15,none,"Pay INR 53,515.61 today and the remaining INR 16,234.39 on 15 December 2024. INR 53,515.61 is the most the balance can absorb before the INR 241,990.32 salary on 15 December 2024; the second payment completes the request by the 28 January 2025 deadline and keeps the INR 174,900 minimum protected."
request_215,29986,affordable_with_plan,installments,2025-05-09:10395.15|2025-06-06:10395.15|2025-07-04:10395.15,2025-05-06,none,"Use 3 installments of ZAR 10,395.15, starting 9 May 2025 (total ZAR 31,185.45). You do not accept a single full payment; the spread-out installments fit the existing balance and keep at least ZAR 15,700 available."
request_216,488.54,affordable_later,wait,2026-09-15:3332.40,2026-09-15,none,"Pay USD 3,332.40 in full on 15 September 2026. Only USD 488.54 is safe today: paying earlier would take the balance below the USD 1,800 minimum (lowest projected balance USD 2,288.54 on 9 July 2026); after the USD 2,424 salary on 15 July 2026 the full payment keeps the minimum protected."
request_217,19590.71,affordable_with_plan,installments,2024-03-19:12889.07|2024-04-19:12889.07|2024-05-20:12889.07,2024-05-15,none,"Use 3 installments of ZAR 12,889.07, starting 19 March 2024 (total ZAR 38,667.21). Paying ZAR 37,180 today is not safe (only ZAR 19,590.71 is available above the ZAR 26,800 minimum); the installments are covered by the ZAR 35,420 salary on 15 March 2024 and keep at least ZAR 26,800 available."
request_218,22987732.37,affordable_with_plan,installments,2025-08-07:21195893.33|2025-09-04:21195893.33|2025-10-02:21195893.33,2025-09-15,none,"Use 3 installments of IDR 21,195,893.33, starting 7 August 2025 (total IDR 63,587,679.99). Paying IDR 61,142,000 today is not safe (only IDR 22,987,732.37 is available above the IDR 34,477,200 minimum); the installments are covered by the IDR 48,640,000 salary on 15 August 2025 and keep at least IDR 34,477,200 available."
request_219,624.55,affordable_with_plan,installments,2026-04-07:580.01|2026-05-07:580.01|2026-06-06:580.01,2026-05-15,none,"Use 3 installments of EUR 580.01, starting 7 April 2026 (total EUR 1,740.03). Paying EUR 1,673.10 today is not safe (only EUR 624.55 is available above the EUR 1,100 minimum); the installments are covered by the EUR 1,914 salary on 15 April 2026 and keep at least EUR 1,100 available."
request_220,70.57,not_affordable,not_recommended,none,,none,"Do not proceed with the EUR 3,118.50 request. Although EUR 70.57 is available today, the full amount cannot be completed safely within 90 days: the projected balance bottoms out at EUR 1,170.57 on 13 June 2024 (including the reserved EUR 80 pending online order charge on 7 June 2024) against the EUR 1,100 minimum, and the EUR 1,346.40 salary on 15 June 2024."
request_221,109800,affordable_now,full_payment,2025-11-03:109800,2025-11-03,none,"Pay INR 109,800 today. Even after paying, the balance stays above the INR 81,500 minimum for the next 90 days (lowest point INR 97,674.88 on 13 November 2025 (including the reserved INR 2,990 pending fuel authorization on 5 November 2025)), with the INR 118,000 salary on 15 November 2025."
request_222,34078,affordable_now,full_payment,2026-01-05:34078,2026-01-05,none,"Pay ZAR 34,078 today. Even after paying, the balance stays above the ZAR 27,300 minimum for the next 90 days (lowest point ZAR 67,745.49 on 5 April 2026 (including the reserved ZAR 1,139.60 pending merchant debit on 8 January 2026)), with the ZAR 35,200 invoice payment on 15 January 2026."
request_223,898.7,affordable_now,full_payment,2024-09-07:898.70,2024-09-07,none,"Pay EUR 898.70 today. Even after paying, the balance stays above the EUR 800 minimum for the next 90 days (lowest point EUR 936.79 on 13 September 2024 (including the reserved EUR 64 pending pharmacy card charge on 11 September 2024)), with the EUR 1,309 salary on 15 September 2024."
request_224,8035561.96,affordable_with_plan,partial_payment,2025-02-04:8035561.96|2025-02-15:2291438.04,2025-02-15,none,"Pay IDR 8,035,561.96 today and the remaining IDR 2,291,438.04 on 15 February 2025. IDR 8,035,561.96 is the most the balance can absorb before the IDR 36,100,000 salary on 15 February 2025; the second payment completes the request by the 16 March 2025 deadline and keeps the IDR 22,187,600 minimum protected."
request_225,9585424.57,affordable_with_plan,installments,2026-07-20:7647120|2026-08-19:7647120|2026-09-18:7647120,2026-09-15,reduce_to:event_20649:314450,"Reduce the streaming subscription to IDR 314,450, then use 3 installments of IDR 7,647,120, starting 20 July 2026 (total IDR 22,941,360). Paying IDR 22,059,000 today is not safe (only IDR 9,585,424.57 is available above the IDR 17,670,700 minimum); the installments are covered by the IDR 24,890,000 salary on 15 July 2026 and keep at least IDR 17,670,700 available."
request_226,157000,affordable_now,full_payment,2024-12-03:157000,2024-12-03,none,"Pay INR 157,000 today. Even after paying, the balance stays above the INR 209,400 minimum for the next 90 days (lowest point INR 233,600.37 on 14 December 2024), with the INR 260,000 salary on 15 December 2024."
request_227,5214.93,not_affordable,not_recommended,none,,none,"Do not proceed with the INR 259,700 request. Although INR 5,214.93 is available today, the full amount cannot be completed safely within 90 days: the projected balance bottoms out at INR 68,114.93 on 14 May 2025 against the INR 62,900 minimum, and the INR 94,000 salary on 15 May 2025."
request_228,1561348.67,not_affordable,not_recommended,none,,none,"Do not proceed with the IDR 63,327,000 request. Although IDR 1,561,348.67 is available today, the full amount cannot be completed safely within 90 days: the projected balance bottoms out at IDR 27,752,548.67 on 12 April 2026 against the IDR 26,191,200 minimum, and the IDR 30,400,000 salary on 15 April 2026."
request_229,387.77,affordable_with_plan,installments,2024-03-18:529.29|2024-04-18:529.29|2024-05-19:529.29,2024-05-15,none,"Use 3 installments of EUR 529.29, starting 18 March 2024 (total EUR 1,587.87). Paying EUR 1,526.80 today is not safe (only EUR 387.77 is available above the EUR 1,000 minimum); the installments are covered by the EUR 1,298 salary on 15 March 2024 and keep at least EUR 1,000 available."
request_230,3537.6,affordable_now,full_payment,2025-08-06:3537.60,2025-08-06,none,"Pay EUR 3,537.60 today. Even after paying, the balance stays above the EUR 2,000 minimum for the next 90 days (lowest point EUR 2,515.78 on 14 October 2025), with the EUR 1,752.74 salary on 15 August 2025."
request_231,31917.68,affordable_with_plan,installments,2026-01-06:12378.08|2026-02-05:12378.08|2026-03-07:12378.08,2026-02-15,none,"Use 3 installments of ZAR 12,378.08, starting 6 January 2026 (total ZAR 37,134.24). Paying ZAR 35,706 today is not safe (only ZAR 31,917.68 is available above the ZAR 24,300 minimum); the installments are covered by the ZAR 44,000 salary on 15 January 2026 and keep at least ZAR 24,300 available."
request_232,546.82,affordable_later,wait,2024-08-15:1970.10,2024-08-15,none,"Pay EUR 1,970.10 in full on 15 August 2024. Only EUR 546.82 is safe today: paying earlier would take the balance below the EUR 2,400 minimum (lowest projected balance EUR 2,946.82 on 14 June 2024); after the EUR 2,772 salary on 15 June 2024 the full payment keeps the minimum protected."
request_233,3730051.18,affordable_with_plan,partial_payment,2025-11-07:3730051.18|2025-11-15:2510948.82,2025-11-15,none,"Pay IDR 3,730,051.18 today and the remaining IDR 2,510,948.82 on 15 November 2025. IDR 3,730,051.18 is the most the balance can absorb before the IDR 16,910,000 salary on 15 November 2025; the second payment completes the request by the 17 December 2025 deadline and keeps the IDR 10,365,700 minimum protected."
request_234,182.95,affordable_later,wait,2026-09-15:1213.30,2026-09-15,none,"Pay EUR 1,213.30 in full on 15 September 2026. Only EUR 182.95 is safe today: paying earlier would take the balance below the EUR 700 minimum (lowest projected balance EUR 882.95 on 11 July 2026 (including the reserved EUR 45.65 possible duplicate card charge on 7 July 2026)); after the EUR 913 salary on 15 July 2026 the full payment keeps the minimum protected."
request_235,967.2,affordable_now,full_payment,2024-09-06:967.20,2024-09-06,none,"Pay USD 967.20 today. Even after paying, the balance stays above the USD 700 minimum for the next 90 days (lowest point USD 844.25 on 14 September 2024), with the USD 1,019.15 salary on 15 September 2024."
request_236,4933139.46,not_affordable,not_recommended,none,,none,"Do not proceed with the IDR 52,383,000 request. Although IDR 4,933,139.46 is available today, the full amount cannot be completed safely within 90 days: the projected balance bottoms out at IDR 21,701,739.46 on 13 February 2025 against the IDR 16,768,600 minimum, and the IDR 22,420,000 salary on 15 February 2025."
request_237,23826000,affordable_now,full_payment,2026-04-05:23826000,2026-04-05,none,"Pay IDR 23,826,000 today. Even after paying, the balance stays above the IDR 22,431,500 minimum for the next 90 days (lowest point IDR 25,981,281.30 on 3 July 2026)."
request_238,663.6,affordable_with_plan,installments,2024-12-07:230.05|2025-01-07:230.05|2025-02-07:230.05,2024-12-07,none,"Use 3 installments of USD 230.05, starting 7 December 2024 (total USD 690.15). You do not accept a single full payment; the installments are covered by the USD 565.44 salary on 15 December 2024 and keep at least USD 700 available."
request_239,642,affordable_now,full_payment,2025-05-04:642,2025-05-04,none,"Pay USD 642 today. Even after paying, the balance stays above the USD 600 minimum for the next 90 days (lowest point USD 703.20 on 14 May 2025), with the USD 1,020 salary on 15 May 2025."
request_240,13571.66,not_affordable,not_recommended,none,,none,"Do not proceed with the INR 101,200 request. Although INR 13,571.66 is available today, the full amount cannot be completed safely within 90 days: the projected balance bottoms out at INR 66,371.66 on 12 January 2026 (including the reserved INR 2,520 pending online order charge on 7 January 2026) against the INR 52,800 minimum, and the INR 62,000 salary on 15 January 2026."
request_241,21052000,affordable_with_plan,installments,2024-03-17:7298026.67|2024-04-17:7298026.67|2024-05-18:7298026.67,2024-03-03,none,"Use 3 installments of IDR 7,298,026.67, starting 17 March 2024 (total IDR 21,894,080.01). You do not accept a single full payment; the spread-out installments fit the existing balance and keep at least IDR 19,252,000 available."
request_242,47.85,not_affordable,not_recommended,none,,none,"Do not proceed with the EUR 1,966.80 request. Although EUR 47.85 is available today, the full amount cannot be completed safely within 90 days: the projected balance bottoms out at EUR 647.85 on 14 August 2025 (including the reserved EUR 68 pending merchant debit on 8 August 2025) against the EUR 600 minimum, and the EUR 968 salary on 15 August 2025."
request_243,17468,affordable_now,full_payment,2026-07-07:17468,2026-07-07,none,"Pay ZAR 17,468 today. Even after paying, the balance stays above the ZAR 19,900 minimum for the next 90 days (lowest point ZAR 22,475.60 on 13 July 2026 (including the reserved ZAR 1,071.40 pending pharmacy card charge on 11 July 2026)), with the ZAR 23,980 salary on 15 July 2026."
request_244,49918,affordable_now,full_payment,2024-06-04:49918,2024-06-04,none,"Pay ZAR 49,918 today. Even after paying, the balance stays above the ZAR 45,900 minimum for the next 90 days (lowest point ZAR 53,396.40 on 14 June 2024 (including the reserved ZAR 3,517.80 scheduled school fee on 11 June 2024)), with the ZAR 56,760 salary on 15 June 2024."
request_245,28296.35,affordable_later,wait,2026-01-15:128500,2026-01-15,none,"Pay INR 128,500 in full on 15 January 2026. Only INR 28,296.35 is safe today: paying earlier would take the balance below the INR 94,600 minimum (lowest projected balance INR 122,896.35 on 14 November 2025); after the INR 139,994.40 salary on 15 November 2025 the full payment keeps the minimum protected."
request_246,64086,affordable_with_plan,installments,2026-04-03:22216.48|2026-05-03:22216.48|2026-06-02:22216.48,2026-04-03,none,"Use 3 installments of ZAR 22,216.48, starting 3 April 2026 (total ZAR 66,649.44). You do not accept a single full payment; the spread-out installments fit the existing balance and keep at least ZAR 39,300 available."
request_247,1059.3,affordable_now,full_payment,2024-09-05:1059.30,2024-09-05,none,"Pay EUR 1,059.30 today. Even after paying, the balance stays above the EUR 1,300 minimum for the next 90 days (lowest point EUR 1,455.57 on 13 September 2024), with the EUR 1,528.56 salary on 15 September 2024."
request_248,331.12,not_affordable,not_recommended,none,,none,"Do not proceed with the USD 1,965.60 request. Although USD 331.12 is available today, the full amount cannot be completed safely within 90 days: the projected balance bottoms out at USD 1,631.12 on 13 April 2025 against the USD 1,300 minimum, and the USD 928.80 salary on 15 February 2025."
request_249,141.21,affordable_later,wait,2026-03-15:643.20,2026-03-15,none,Pay USD 643.20 in full on 15 March 2026. Only USD 141.21 is safe today: paying earlier would take the balance below the USD 600 minimum (lowest projected balance USD 741.21 on 14 January 2026); after the USD 702 salary on 15 January 2026 the full payment keeps the minimum protected.
request_250,11919.79,not_affordable,not_recommended,none,,none,"Do not proceed with the ZAR 124,278 request. Although ZAR 11,919.79 is available today, the full amount cannot be completed safely within 90 days: the projected balance bottoms out at ZAR 47,219.79 on 12 December 2024 against the ZAR 35,300 minimum, and the ZAR 53,680 salary on 15 December 2024."
request_251,96.13,not_affordable,not_recommended,none,,none,"Do not proceed with the EUR 1,513.60 request. Although EUR 96.13 is available today, the full amount cannot be completed safely within 90 days: the projected balance bottoms out at EUR 1,396.13 on 1 August 2025 against the EUR 1,300 minimum, and no confirmed income is projected in the window."
request_252,3981358.33,affordable_later,wait,2026-09-15:28082000,2026-09-15,none,"Pay IDR 28,082,000 in full on 15 September 2026. Only IDR 3,981,358.33 is safe today: paying earlier would take the balance below the IDR 15,152,200 minimum (lowest projected balance IDR 19,133,558.33 on 9 July 2026 (including the reserved IDR 988,000 possible duplicate card charge on 8 July 2026)); after the IDR 19,760,000 salary on 15 July 2026 the full payment keeps the minimum protected."
request_253,1367.93,affordable_with_plan,installments,2024-03-21:984.60|2024-04-21:984.60|2024-05-22:984.60,2024-05-15,none,"Use 3 installments of EUR 984.60, starting 21 March 2024 (total EUR 2,953.80). Paying EUR 2,840.20 today is not safe (only EUR 1,367.93 is available above the EUR 2,300 minimum); the installments are covered by the EUR 2,860 salary on 15 March 2024 and keep at least EUR 2,300 available."
request_254,557.92,affordable_later,wait,2025-10-15:3535.20,2025-10-15,none,"Pay USD 3,535.20 in full on 15 October 2025. Only USD 557.92 is safe today: paying earlier would take the balance below the USD 2,500 minimum (lowest projected balance USD 3,057.92 on 13 August 2025); after the USD 2,808 salary on 15 August 2025 the full payment keeps the minimum protected."
request_255,3345000,affordable_now,full_payment,2026-04-06:3345000,2026-04-06,none,"Pay IDR 3,345,000 today. Even after paying, the balance stays above the IDR 9,813,900 minimum for the next 90 days (lowest point IDR 9,858,505.75 on 5 July 2026)."
request_256,148802.38,affordable_with_plan,installments,2024-06-10:75816|2024-07-11:75816|2024-08-11:75816,2024-07-15,none,"Use 3 installments of INR 75,816, starting 10 June 2024 (total INR 227,448). Paying INR 218,700 today is not safe (only INR 148,802.38 is available above the INR 168,600 minimum); the installments are covered by the INR 214,000 salary on 15 June 2024 and keep at least INR 168,600 available."
request_257,391.66,affordable_later,wait,2026-01-15:1352.40,2026-01-15,none,"Pay USD 1,352.40 in full on 15 January 2026. Only USD 391.66 is safe today: paying earlier would take the balance below the USD 1,600 minimum (lowest projected balance USD 1,991.66 on 14 November 2025); after the USD 1,954.37 salary on 15 November 2025 the full payment keeps the minimum protected."
request_258,1113.6,affordable_now,full_payment,2026-01-07:1113.60,2026-01-07,none,"Pay USD 1,113.60 today. Even after paying, the balance stays above the USD 500 minimum for the next 90 days (lowest point USD 674.33 on 13 March 2026), with the USD 572.88 salary on 15 January 2026."
request_259,156.42,affordable_later,wait,2024-11-15:935,2024-11-15,none,Pay EUR 935 in full on 15 November 2024. Only EUR 156.42 is safe today: paying earlier would take the balance below the EUR 600 minimum (lowest projected balance EUR 756.42 on 13 September 2024 (including the reserved EUR 42 scheduled bill payment retry on 8 September 2024)); after the EUR 792 salary on 15 September 2024 the full payment keeps the minimum protected.
request_260,6376228.81,not_affordable,not_recommended,none,,none,"Do not proceed with the IDR 52,079,000 request. Although IDR 6,376,228.81 is available today, the full amount cannot be completed safely within 90 days: the projected balance bottoms out at IDR 27,103,928.81 on 14 February 2025 (including the reserved IDR 1,537,100 pending online order charge on 7 February 2025) against the IDR 20,727,700 minimum, and the IDR 29,259,993.84 salary on 15 February 2025."
request_261,1830.4,affordable_now,full_payment,2026-07-03:1830.40,2026-07-03,none,"Pay EUR 1,830.40 today. Even after paying, the balance stays above the EUR 1,500 minimum for the next 90 days (lowest point EUR 1,773.16 on 10 July 2026 (including the reserved EUR 89 pending fuel authorization on 5 July 2026)), with the EUR 2,684 salary on 15 July 2026."
request_262,9236000,affordable_now,full_payment,2024-12-05:9236000,2024-12-05,none,"Pay IDR 9,236,000 today. Even after paying, the balance stays above the IDR 31,018,500 minimum for the next 90 days (lowest point IDR 32,826,563.81 on 13 February 2025 (including the reserved IDR 2,941,200 pending merchant debit on 8 December 2024)), with the IDR 29,921,200 salary on 15 December 2024."
request_263,6527.82,not_affordable,not_recommended,none,,none,"Do not proceed with the ZAR 51,546 request. Although ZAR 6,527.82 is available today, the full amount cannot be completed safely within 90 days: the projected balance bottoms out at ZAR 30,627.82 on 14 May 2025 (including the reserved ZAR 968 pending pharmacy card charge on 11 May 2025) against the ZAR 24,100 minimum, and the ZAR 29,700 salary on 15 May 2025."
request_264,17733.86,affordable_later,wait,2026-06-15:111300,2026-06-15,none,"Pay INR 111,300 in full on 15 June 2026. Only INR 17,733.86 is safe today: paying earlier would take the balance below the INR 59,500 minimum (lowest projected balance INR 77,233.86 on 11 April 2026 (including the reserved INR 5,080 scheduled insurance payment on 11 April 2026)); after the INR 88,000 salary on 15 April 2026 the full payment keeps the minimum protected."
request_265,45970,affordable_now,full_payment,2024-03-06:45970,2024-03-06,none,"Pay INR 45,970 today. Even after paying, the balance stays above the INR 189,700 minimum for the next 90 days (lowest point INR 201,896.86 on 3 June 2024)."
request_266,724.57,affordable_with_plan,installments,2025-08-03:324.13|2025-08-31:324.13|2025-09-28:324.13,2025-09-15,none,"Use 3 installments of EUR 324.13, starting 3 August 2025 (total EUR 972.39). Paying EUR 935 today is not safe (only EUR 724.57 is available above the EUR 900 minimum); the installments are covered by the EUR 968 salary on 15 August 2025 and keep at least EUR 900 available."
request_267,1640.8,affordable_with_plan,installments,2026-01-08:667.33|2026-02-07:667.33|2026-03-09:667.33,2026-02-15,none,"Use 3 installments of EUR 667.33, starting 8 January 2026 (total EUR 2,001.99). Paying EUR 1,925 today is not safe (only EUR 1,640.80 is available above the EUR 1,500 minimum); the installments are covered by the EUR 1,821.60 salary on 15 January 2026 and keep at least EUR 1,500 available."
request_268,908.24,affordable_with_plan,installments,2024-06-14:841.22|2024-07-15:841.22|2024-08-15:841.22,2024-07-15,none,"Use 3 installments of EUR 841.22, starting 14 June 2024 (total EUR 2,523.66). Paying EUR 2,426.60 today is not safe (only EUR 908.24 is available above the EUR 1,400 minimum); the installments are covered by the EUR 2,288 salary on 15 June 2024 and keep at least EUR 1,400 available."
request_269,8463.06,affordable_later,wait,2025-12-15:15490,2025-12-15,none,"Wait until 15 December 2025, then pay ZAR 15,490 in full. Only ZAR 8,463.06 is safe today: paying earlier would take the balance below the ZAR 23,100 minimum (lowest projected balance ZAR 31,563.06 on 14 November 2025); after the ZAR 38,280 salary on 15 November 2025 the full payment keeps the minimum protected."
request_270,90.66,not_affordable,not_recommended,none,,none,"Do not proceed with the USD 3,028.80 request. Although USD 90.66 is available today, the full amount cannot be completed safely within 90 days: the projected balance bottoms out at USD 1,490.66 on 12 July 2026 against the USD 1,400 minimum, and the USD 1,071.36 salary on 15 July 2026."
request_271,20466.13,affordable_later,wait,2024-11-15:91300,2024-11-15,none,"Pay INR 91,300 in full on 15 November 2024. Only INR 20,466.13 is safe today: paying earlier would take the balance below the INR 58,200 minimum (lowest projected balance INR 78,666.13 on 14 September 2024); after the INR 103,000 salary on 15 September 2024 the full payment keeps the minimum protected."
request_272,5056753.91,affordable_with_plan,installments,2025-02-12:4709466.67|2025-03-12:4709466.67|2025-04-09:4709466.67,2025-03-15,none,"Use 3 installments of IDR 4,709,466.67, starting 12 February 2025 (total IDR 14,128,400.01). Paying IDR 13,585,000 today is not safe (only IDR 5,056,753.91 is available above the IDR 7,508,600 minimum); the installments are covered by the IDR 11,780,000 salary on 15 February 2025 and keep at least IDR 7,508,600 available."
request_273,7420436.37,affordable_with_plan,partial_payment,2026-04-07:7420436.37|2026-04-15:8440563.63,2026-04-15,none,"Pay IDR 7,420,436.37 today and the remaining IDR 8,440,563.63 on 15 April 2026. IDR 7,420,436.37 is the most the balance can absorb before the IDR 34,010,000 salary on 15 April 2026; the second payment completes the request by the 15 June 2026 deadline and keeps the IDR 18,774,600 minimum protected."
request_274,2285.15,affordable_with_plan,installments,2024-12-04:940.75|2025-01-04:940.75|2025-02-04:940.75,2025-01-15,none,"Use 3 installments of EUR 940.75, starting 4 December 2024 (total EUR 2,822.25). Paying EUR 2,713.70 today is not safe (only EUR 2,285.15 is available above the EUR 1,800 minimum); the installments are covered by the EUR 2,484 salary on 15 December 2024 and keep at least EUR 1,800 available."
request_275,15884000,affordable_now,full_payment,2025-05-06:15884000,2025-05-06,none,"Pay IDR 15,884,000 today. Even after paying, the balance stays above the IDR 12,760,100 minimum for the next 90 days (lowest point IDR 15,119,280.92 on 14 May 2025), with the IDR 18,050,000 salary on 15 May 2025."
